Workbook

Sheet ★共創(2023入) 
B1: 共創学部 卒業要件チェック表（第１面） | L1: 学生番号： | M1: =IF(入力用!C3="","",入力用!C3)
B2: （2023年度入学者用） | L2: 氏名： | M2: =IF(入力用!C4="","",入力用!C4)
L3: チェック日： | M3: =IF(入力用!C5="","",入力用!C5)
B4: Ⅰ．基幹教育科目（４８単位） | E4: □＝チェック欄（取得済みはチェック）
B5: 基幹教育セミナー（必修：１単位） | M5: 総合科目 | O5: その他(Ｄ） | Q5: その他(い）
B6: 基幹教育セミナー | G6: 1 | H6: =IF(入力用!F16="✓","✓","□") -> □ | J6: 単位 | M6: =IF(入力用!C89="","〔 〕",入力用!C89) -> 〔 〕 | N6: =IF(入力用!D89="","（ ）",入力用!D89) -> （ ） | O6: =IF(入力用!G89="","□",入力用!G89) -> □ | P6: =IF(入力用!E89="","（ ）",入力用!E89) -> （ ） | Q6: =IF(入力用!H89="","□",入力用!H89) -> □ | R6: =IF(入力用!G89="","（ ）",入力用!G89) -> （ ）
M7: =IF(入力用!C90="","〔 〕",入力用!C90) -> 〔 〕 | N7: =IF(入力用!D90="","（ ）",入力用!D90) -> （ ） | O7: =IF(入力用!G90="","□",入力用!G90) -> □ | P7: =IF(入力用!E90="","（ ）",入力用!E90) -> （ ） | Q7: =IF(入力用!H90="","□",入力用!H90) -> □ | R7: =IF(入力用!G90="","（ ）",入力用!G90) -> （ ）
B8: 課題協学科目（必修：２．５単位） | M8: =IF(入力用!C91="","〔 〕",入力用!C91) -> 〔 〕 | N8: =IF(入力用!D91="","（ ）",入力用!D91) -> （ ） | O8: =IF(入力用!G91="","□",入力用!G91) -> □ | P8: =IF(入力用!E91="","（ ）",入力用!E91) -> （ ） | Q8: =IF(入力用!H91="","□",入力用!H91) -> □ | R8: =IF(入力用!G91="","（ ）",入力用!G91) -> （ ）
B9: 課題協学科目 | G9: 2.5 | H9: =IF(入力用!F17="✓","✓","□") -> □ | J9: 単位 | M9: =IF(入力用!C92="","〔 〕",入力用!C92) -> 〔 〕 | N9: =IF(入力用!D92="","（ ）",入力用!D92) -> （ ） | O9: =IF(入力用!G92="","□",入力用!G92) -> □ | P9: =IF(入力用!E92="","（ ）",入力用!E92) -> （ ） | Q9: =IF(入力用!H92="","□",入力用!H92) -> □ | R9: =IF(入力用!G92="","（ ）",入力用!G92) -> （ ）
M10: =IF(入力用!C93="","〔 〕",入力用!C93) -> 〔 〕 | N10: =IF(入力用!D93="","（ ）",入力用!D93) -> （ ） | O10: =IF(入力用!G93="","□",入力用!G93) -> □ | P10: =IF(入力用!E93="","（ ）",入力用!E93) -> （ ） | Q10: =IF(入力用!H93="","□",入力用!H93) -> □ | R10: =IF(入力用!G93="","（ ）",入力用!G93) -> （ ）
B11: 文系ﾃﾞィｼﾌﾟﾘﾝ科目（必修：８単位），理系ﾃﾞィｼﾌﾟﾘﾝ科目（必修：８単位） | M11: =IF(入力用!C94="","〔 〕",入力用!C94) -> 〔 〕 | N11: =IF(入力用!D94="","（ ）",入力用!D94) -> （ ） | O11: =IF(入力用!G94="","□",入力用!G94) -> □ | P11: =IF(入力用!E94="","（ ）",入力用!E94) -> （ ） | Q11: =IF(入力用!H94="","□",入力用!H94) -> □ | R11: =IF(入力用!G94="","（ ）",入力用!G94) -> （ ）
B12: 文系 | C12: =IF(入力用!C19="","〔 〕",入力用!C19) -> 〔 〕 | D12: =IF(入力用!D19="","（ ）",入力用!D19) -> （ ） | E12: =IF(入力用!F19="✓","✓","□") -> □ | F12: =IF(入力用!C22="","〔 〕",入力用!C22) -> 〔 〕 | G12: =IF(入力用!D22="","（ ）",入力用!D22) -> （ ） | H12: =IF(入力用!F22="✓","✓","□") -> □ | M12: 合計 | O12: その他(Ｄ）計 | Q12: その他(い）計
C13: =IF(入力用!C20="","〔 〕",入力用!C20) -> 〔 〕 | D13: =IF(入力用!D20="","（ ）",入力用!D20) -> （ ） | E13: =IF(入力用!F20="✓","✓","□") -> □ | F13: =IF(入力用!C23="","〔 〕",入力用!C23) -> 〔 〕 | G13: =IF(入力用!D23="","（ ）",入力用!D23) -> （ ） | H13: =IF(入力用!F23="✓","✓","□") -> □ | P13: 単位 | R13: 単位
C14: =IF(入力用!C21="","〔 〕",入力用!C21) -> 〔 〕 | D14: =IF(入力用!D21="","（ ）",入力用!D21) -> （ ） | E14: =IF(入力用!F21="✓","✓","□") -> □ | F14: =IF(入力用!C24="","〔 〕",入力用!C24) -> 〔 〕 | G14: =IF(入力用!D24="","（ ）",入力用!D24) -> （ ） | H14: =IF(入力用!F24="✓","✓","□") -> □ | I14: 単位 | J14: /8単位
B15: 理系 | C15: 情報科学 | D15: 2 | E15: =IF(入力用!F26="✓","✓","□") -> □ | F15: =IF(入力用!C30="","〔 〕",入力用!C30) -> 〔 〕 | G15: =IF(入力用!D30="","（ ）",入力用!D30) -> （ ） | H15: =IF(入力用!F30="✓","✓","□") -> □ | M15: 高年次基幹教育科目（必修：２単位）
C16: プログラミング演習 | D16: 1 | E16: =IF(入力用!F27="✓","✓","□") -> □ | F16: =IF(入力用!C31="","〔 〕",入力用!C31) -> 〔 〕 | G16: =IF(入力用!D31="","（ ）",入力用!D31) -> （ ） | H16: =IF(入力用!F31="✓","✓","□") -> □ | M16: =IF(入力用!C96="","〔 〕",入力用!C96) -> 〔 〕 | N16: =IF(入力用!D96="","（ ）",入力用!D96) -> （ ） | O16: =IF(入力用!F96="","□",入力用!F96) -> □ | P16: =IF(入力用!F97="","（ ）",入力用!F97) -> （ ）
C17: =IF(入力用!C28="","〔 〕",入力用!C28) -> 〔 〕 | D17: =IF(入力用!D28="","（ ）",入力用!D28) -> （ ） | E17: =IF(入力用!F28="✓","✓","□") -> □ | F17: =IF(入力用!C32="","〔 〕",入力用!C32) -> 〔 〕 | G17: =IF(入力用!D32="","（ ）",入力用!D32) -> （ ） | H17: =IF(入力用!F32="✓","✓","□") -> □ | M17: =IF(入力用!C97="","〔 〕",入力用!C97) -> 〔 〕 | N17: =IF(入力用!D97="","（ ）",入力用!D97) -> （ ） | O17: =IF(入力用!F96="","□",入力用!F96) -> □ | P17: =IF(入力用!F98="","（ ）",入力用!F98) -> （ ） | R17: 単位/2単位
C18: =IF(入力用!C29="","〔 〕",入力用!C29) -> 〔 〕 | D18: =IF(入力用!D29="","（ ）",入力用!D29) -> （ ） | E18: =IF(入力用!F29="✓","✓","□") -> □ | I18: 単位 | J18: /8単位 | M18: ※上記科目区分の必修単位を超えて修得した単位 | O18: その他(E） | Q18: その他(う）
B19: ※上記科目区分の必修単位を超えて修得した単位 | I19: その他（Ａ）計 | M19: =IF(入力用!C99="","〔 〕",入力用!C99) -> 〔 〕 | N19: =IF(入力用!D99="","（ ）",入力用!D99) -> （ ） | O19: =IF(入力用!G99="","□",入力用!G99) -> □ | P19: =IF(入力用!E102="","（ ）",入力用!E102) -> （ ） | Q19: =IF(入力用!H99="","□",入力用!H99) -> □ | R19: =IF(入力用!G102="","（ ）",入力用!G102) -> （ ）
B20: =IF(入力用!C34="","〔 〕",入力用!C34) -> 〔 〕 | D20: =IF(入力用!D34="","（ ）",入力用!D34) -> （ ） | E20: =IF(入力用!F34="✓","✓","□") -> □ | F20: =IF(入力用!C37="","〔 〕",入力用!C37) -> 〔 〕 | G20: =IF(入力用!D37="","（ ）",入力用!D37) -> （ ） | H20: =IF(入力用!F37="✓","✓","□") -> □ | M20: =IF(入力用!C100="","〔 〕",入力用!C100) -> 〔 〕 | N20: =IF(入力用!D100="","（ ）",入力用!D100) -> （ ） | O20: =IF(入力用!G100="","□",入力用!G100) -> □ | P20: =IF(入力用!E103="","（ ）",入力用!E103) -> （ ） | Q20: =IF(入力用!H100="","□",入力用!H100) -> □ | R20: =IF(入力用!G103="","（ ）",入力用!G103) -> （ ）
B21: =IF(入力用!C35="","〔 〕",入力用!C35) -> 〔 〕 | D21: =IF(入力用!D35="","（ ）",入力用!D35) -> （ ） | E21: =IF(入力用!F35="✓","✓","□") -> □ | F21: =IF(入力用!C38="","〔 〕",入力用!C38) -> 〔 〕 | G21: =IF(入力用!D38="","（ ）",入力用!D38) -> （ ） | H21: =IF(入力用!F38="✓","✓","□") -> □ | J21: 単位 | M21: =IF(入力用!C101="","〔 〕",入力用!C101) -> 〔 〕 | N21: =IF(入力用!D101="","（ ）",入力用!D101) -> （ ） | O21: =IF(入力用!G101="","□",入力用!G101) -> □ | P21: =IF(入力用!E105="","（ ）",入力用!E105) -> （ ） | Q21: =IF(入力用!H101="","□",入力用!H101) -> □ | R21: =IF(入力用!G105="","（ ）",入力用!G105) -> （ ）
B22: =IF(入力用!C36="","〔 〕",入力用!C36) -> 〔 〕 | D22: =IF(入力用!D36="","（ ）",入力用!D36) -> （ ） | E22: =IF(入力用!F36="✓","✓","□") -> □ | F22: =IF(入力用!C39="","〔 〕",入力用!C39) -> 〔 〕 | G22: =IF(入力用!D39="","（ ）",入力用!D39) -> （ ） | H22: =IF(入力用!F39="✓","✓","□") -> □ | M22: =IF(入力用!C102="","〔 〕",入力用!C102) -> 〔 〕 | N22: =IF(入力用!D102="","（ ）",入力用!D102) -> （ ） | O22: =IF(入力用!G102="","□",入力用!G102) -> □ | P22: =IF(入力用!E106="","（ ）",入力用!E106) -> （ ） | Q22: =IF(入力用!H102="","□",入力用!H102) -> □ | R22: =IF(入力用!G106="","（ ）",入力用!G106) -> その他（F）
M23: =IF(入力用!C103="","〔 〕",入力用!C103) -> 〔 〕 | N23: =IF(入力用!D103="","（ ）",入力用!D103) -> （ ） | O23: =IF(入力用!G103="","□",入力用!G103) -> □ | P23: =IF(入力用!E107="","（ ）",入力用!E107) -> （ ） | Q23: =IF(入力用!H103="","□",入力用!H103) -> □ | R23: =IF(入力用!G107="","（ ）",入力用!G107) -> （ ）
B24: 言語文化科目（必修：第１外国語１２単位，第２外国語４単位） | M24: =IF(入力用!C104="","〔 〕",入力用!C104) -> 〔 〕 | N24: =IF(入力用!D104="","（ ）",入力用!D104) -> （ ） | O24: =IF(入力用!G104="","□",入力用!G104) -> □ | P24: =IF(入力用!E108="","（ ）",入力用!E108) -> （ ） | Q24: =IF(入力用!H104="","□",入力用!H104) -> □ | R24: =IF(入力用!G108="","（ ）",入力用!G108) -> （ ）
B25: 第１外国語（英語） ※４月入学生 | M25: 合計 | O25: その他(E）計 | Q25: その他(う）計
B26: Intensive English: Global Issues RW 1 | D26: 1 | E26: =IF(入力用!F42="✓","✓","□") -> □ | F26: Intensive English: Academic Issues 2 | G26: 1 | H26: =IF(入力用!F47="✓","✓","□") -> □ | P26: 単位 | R26: 単位
B27: Intensive English: Global Issues LS 1 | D27: 1 | E27: =IF(入力用!F43="✓","✓","□") -> □ | F27: Intensive English: Japanese Issues 1 | G27: 1 | H27: =IF(入力用!F48="✓","✓","□") -> □
B28: Intensive English: Academic Issues 1 | D28: 1 | E28: =IF(入力用!F44="✓","✓","□") -> □ | F28: Intensive English: Academic Issues 3 | G28: 1 | H28: =IF(入力用!F49="✓","✓","□") -> □
B29: Intensive English: Global Issues RW 2 | D29: 1 | E29: =IF(入力用!F45="✓","✓","□") -> □ | F29: Intensive English: Japanese Issues 2 | G29: 1 | H29: =IF(入力用!F50="✓","✓","□") -> □ | M29: 他学部専攻教育科目 ※10単位まで卒業要件に含むことができる。
B30: Intensive English: Global Issues LS 2 | D30: 1 | E30: =IF(入力用!F46="✓","✓","□") -> □ | F30: Intensive English: Academic Issues 4 | G30: 1 | H30: =IF(入力用!F51="✓","✓","□") -> □ | I30: 単位 | J30: /10単位 | O30: その他(F） | Q30: その他(え）
B31: 学術英語（必修：２単位） | M31: =IF(入力用!C107="","〔 〕",入力用!C107) -> 〔 〕 | N31: =IF(入力用!D107="","（ ）",入力用!D107) -> （ ） | O31: =IF(入力用!G107="","□",入力用!G107) -> □ | P31: =IF(入力用!E115="","（ ）",入力用!E115) -> 最低修得単位数 | Q31: =IF(入力用!H107="","□",入力用!H107) -> □ | R31: =IF(入力用!G115="","（ ）",入力用!G115) -> その他 (基幹教育)
B32: =IF(入力用!C53="","〔 〕",入力用!C53) -> 〔 〕 | D32: =IF(入力用!D53="","（ ）",入力用!D53) -> （ ） | E32: =IF(入力用!F53="✓","✓","□") -> □ | F32: =IF(入力用!C54="","〔 〕",入力用!C54) -> 〔 〕 | G32: =IF(入力用!F54="","（ ）",入力用!F54) -> （ ） | H32: =IF(入力用!F54="✓","✓","□") -> □ | I32: 単位 | J32: /2単位 | M32: =IF(入力用!C108="","〔 〕",入力用!C108) -> 〔 〕 | N32: =IF(入力用!D108="","（ ）",入力用!D108) -> （ ） | O32: =IF(入力用!G108="","□",入力用!G108) -> □ | P32: =IF(入力用!E116="","（ ）",入力用!E116) -> 7 | Q32: =IF(入力用!H108="","□",入力用!H108) -> □ | R32: =IF(入力用!G116="","（ ）",入力用!G116) -> （ ）
B33: 第１外国語（日本語） ※10月入学生 | M33: =IF(入力用!C109="","〔 〕",入力用!C109) -> 〔 〕 | N33: =IF(入力用!D109="","（ ）",入力用!D109) -> （ ） | O33: =IF(入力用!G109="","□",入力用!G109) -> □ | P33: =IF(入力用!E117="","（ ）",入力用!E117) -> （ ） | Q33: =IF(入力用!H109="","□",入力用!H109) -> □ | R33: =IF(入力用!G117="","（ ）",入力用!G117) -> （ ）
B34: =IF(入力用!C56="","〔 〕",入力用!C56) -> 〔 〕 | D34: 1 | E34: =IF(入力用!F56="✓","✓","□") -> □ | F34: =IF(入力用!C62="","〔 〕",入力用!C62) -> 〔 〕 | G34: 1 | H34: =IF(入力用!F62="✓","✓","□") -> □ | M34: =IF(入力用!C110="","〔 〕",入力用!C110) -> 〔 〕 | N34: =IF(入力用!D110="","（ ）",入力用!D110) -> （ ） | O34: =IF(入力用!G110="","□",入力用!G110) -> □ | P34: =IF(入力用!E118="","（ ）",入力用!E118) -> （ ） | Q34: =IF(入力用!H110="","□",入力用!H110) -> □ | R34: =IF(入力用!G118="","（ ）",入力用!G118) -> （ ）
B35: =IF(入力用!C57="","〔 〕",入力用!C57) -> 〔 〕 | D35: 1 | E35: =IF(入力用!F57="✓","✓","□") -> □ | F35: =IF(入力用!C63="","〔 〕",入力用!C63) -> 〔 〕 | G35: 1 | H35: =IF(入力用!F63="✓","✓","□") -> □ | M35: =IF(入力用!C111="","〔 〕",入力用!C111) -> 〔 〕 | N35: =IF(入力用!D111="","（ ）",入力用!D111) -> （ ） | O35: =IF(入力用!G111="","□",入力用!G111) -> □ | P35: =IF(入力用!E119="","（ ）",入力用!E119) -> （ ） | Q35: =IF(入力用!H111="","□",入力用!H111) -> □ | R35: =IF(入力用!G119="","（ ）",入力用!G119) -> （ ）
B36: =IF(入力用!C58="","〔 〕",入力用!C58) -> 〔 〕 | D36: 1 | E36: =IF(入力用!F58="✓","✓","□") -> □ | F36: =IF(入力用!C64="","〔 〕",入力用!C64) -> 〔 〕 | G36: 1 | H36: =IF(入力用!F64="✓","✓","□") -> □ | M36: =IF(入力用!C112="","〔 〕",入力用!C112) -> 〔 〕 | N36: =IF(入力用!D112="","（ ）",入力用!D112) -> （ ） | O36: =IF(入力用!G112="","□",入力用!G112) -> □ | P36: =IF(入力用!E120="","（ ）",入力用!E120) -> （ ） | Q36: =IF(入力用!H112="","□",入力用!H112) -> □ | R36: =IF(入力用!G120="","（ ）",入力用!G120) -> （ ）
B37: =IF(入力用!C59="","〔 〕",入力用!C59) -> 〔 〕 | D37: 1 | E37: =IF(入力用!F59="✓","✓","□") -> □ | F37: =IF(入力用!C65="","〔 〕",入力用!C65) -> 〔 〕 | G37: 1 | H37: =IF(入力用!F65="✓","✓","□") -> □ | M37: 合計 | O37: その他(F）計 | Q37: その他(え）計
B38: =IF(入力用!C60="","〔 〕",入力用!C60) -> 〔 〕 | D38: 1 | E38: =IF(入力用!F60="✓","✓","□") -> □ | F38: =IF(入力用!C66="","〔 〕",入力用!C66) -> 〔 〕 | G38: 1 | H38: =IF(入力用!F66="✓","✓","□") -> □ | P38: 単位 | R38: 単位
B39: =IF(入力用!C61="","〔 〕",入力用!C61) -> 〔 〕 | D39: 1 | E39: =IF(入力用!F61="✓","✓","□") -> □ | F39: =IF(入力用!C67="","〔 〕",入力用!C67) -> 〔 〕 | G39: 1 | H39: =IF(入力用!F67="✓","✓","□") -> □ | I39: 単位 | J39: /12単位
B40: 第２外国語（必修：４単位） | D40: 選択言語 | F40: =IF(入力用!C7="","（ 語）",入力用!C7) -> （ 語）
B41: =IF(入力用!C69="","〔 〕",入力用!C69) -> 〔 〕 | D41: =IF(入力用!D69="","（ ）",入力用!D69) -> （ ） | E41: =IF(入力用!F69="✓","✓","□") -> □ | F41: =IF(入力用!C71="","〔 〕",入力用!C71) -> 〔 〕 | G41: =IF(入力用!D71="","（ ）",入力用!D71) -> （ ） | H41: =IF(入力用!F71="✓","✓","□") -> □
B42: =IF(入力用!C70="","〔 〕",入力用!C70) -> 〔 〕 | D42: =IF(入力用!D70="","（ ）",入力用!D70) -> （ ） | E42: =IF(入力用!F70="✓","✓","□") -> □ | F42: =IF(入力用!C72="","〔 〕",入力用!C72) -> 〔 〕 | G42: =IF(入力用!D72="","（ ）",入力用!D72) -> （ ） | H42: =IF(入力用!F72="✓","✓","□") -> □ | I42: 単位 | J42: /4単位
B43: ※上記科目区分の必修単位を超えて修得した単位 | I43: その他（B）計
B44: =IF(入力用!C74="","〔 〕",入力用!C74) -> 〔 〕 | D44: =IF(入力用!D74="","（ ）",入力用!D74) -> （ ） | E44: =IF(入力用!F74="✓","✓","□") -> □ | F44: =IF(入力用!C76="","〔 〕",入力用!C76) -> 〔 〕 | G44: =IF(入力用!D76="","（ ）",入力用!D76) -> （ ） | H44: =IF(入力用!F76="✓","✓","□") -> □
B45: =IF(入力用!C75="","〔 〕",入力用!C75) -> 〔 〕 | D45: =IF(入力用!D75="","（ ）",入力用!D75) -> （ ） | E45: =IF(入力用!F75="✓","✓","□") -> □ | F45: =IF(入力用!C77="","〔 〕",入力用!C77) -> 〔 〕 | G45: =IF(入力用!D77="","（ ）",入力用!D77) -> （ ） | H45: =IF(入力用!F77="✓","✓","□") -> □ | J45: 単位
B46: ※留学生のみ 「日本語科目」の必修単位を超えて修得した単位(その他(B)に含めていない科目のみ) | I46: その他（あ）計
B47: =IF(入力用!C79="","〔 〕",入力用!C79) -> 〔 〕 | D47: =IF(入力用!D79="","（ ）",入力用!D80) -> （ ） | E47: =IF(入力用!H79="✓","✓","□") -> □ | F47: =IF(入力用!C80="","〔 〕",入力用!C80) -> 〔 〕 | G47: =IF(入力用!D80="","（ ）",入力用!D80) -> （ ） | H47: =IF(入力用!H80="✓","✓","□") -> □ | J47: 単位
B49: サイバーセキュリティ科目（必修：１単位）
B50: サイバーセキュリティ基礎論 | G50: 1 | H50: =IF(入力用!F81="✓","✓","□") -> □ | J50: 単位
B52: 健康・スポーツ科目（必修：１単位）
B53: 健康・スポーツ科学演習 | G53: 1 | H53: =IF(入力用!F84="✓","✓","□") -> □ | J53: 単位 | P53: （裏面も記入すること）
B54: ※上記科目区分の必修単位を超えて修得した単位 | I54: その他（C）計
B55: =IF(入力用!C84="","〔 〕",入力用!C84) -> 〔 〕 | D55: =IF(入力用!D84="","（ ）",入力用!D84) -> （ ） | E55: =IF(入力用!G84="✓","✓","□") -> □ | F55: =IF(入力用!C86="","〔 〕",入力用!C86) -> 〔 〕 | G55: =IF(入力用!D86="","（ ）",入力用!D86) -> （ ） | H55: =IF(入力用!G86="✓","✓","□") -> □
B56: =IF(入力用!C85="","〔 〕",入力用!C85) -> 〔 〕 | D56: =IF(入力用!D85="","（ ）",入力用!D85) -> （ ） | E56: =IF(入力用!G85="✓","✓","□") -> □ | F56: =IF(入力用!C87="","〔 〕",入力用!C87) -> 〔 〕 | G56: =IF(入力用!D87="","（ ）",入力用!D87) -> （ ） | H56: =IF(入力用!G87="✓","✓","□") -> □ | J56: 単位
B61: 共創学部 卒業要件チェック表（第２面）
B62: （2023年度入学者用）
B64: Ⅱ．専攻教育科目（７６単位）
B65: 共創基礎科目（必修：７単位） | M65: 基幹教育科目その他（必修：８．５単位）
B66: 学術研究基礎 | D66: 1 | E66: =IF(入力用!F117="✓","✓","□") -> □ | F66: データの収集・分析 | G66: 1 | H66: =IF(入力用!F121="✓","✓","□") -> □ | M66: （Ａ）＋（Ｂ）＋（Ｃ）＋ （Ｄ）＋（Ｅ）＋（Ｆ）＝ | Q66: 単位 | R66: /8.5単位
B67: 課題とイノベーション | D67: 1 | E67: =IF(入力用!F118="✓","✓","□") -> □ | F67: 世界の様々な哲学 | G67: 1 | H67: =IF(入力用!F122="✓","✓","□") -> □
B68: 共創のための数学 | D68: 1 | E68: =IF(入力用!F119="✓","✓","□") -> □ | F68: 世界を理解するための歴史的視座 | G68: 1 | H68: =IF(入力用!F123="✓","✓","□") -> □
B69: システム科学基礎 | D69: 1 | E69: =IF(入力用!F120="✓","✓","□") -> □ | I69: 単位 | J69: /7単位 | M69: 専攻教育科目その他（必修：１２単位）
M70: （あ）＋（い）＋（う）＋（え） ＋（お）＋（か）+（き）＋（く）＝ | Q70: 単位 | R70: /12単位
B71: 構想科目（必修：２８単位）
B72: レクチャーシリーズ ※15スタンプ取得後、最終課題提出必須 | H72: =IF(入力用!F125="✓","✓","□") -> □
C73: 現在のスタンプ数（Moodleで確認） | D73: =IF(入力用!C8="","",入力用!C8) | E73: /15］ | I73: 単位 | J73: /2単位
B74: アプローチ科目・人文・社会分野（系）（2単位必修） | M74: 現在までの総修得単位数 | Q74: 単位
B75: =IF(入力用!C127="","〔 〕",入力用!C127) -> 〔 〕 | D75: 1 | E75: =IF(入力用!F127="✓","✓","□") -> □ | F75: =IF(入力用!C128="","〔 〕",入力用!C128) -> 〔 〕 | G75: 1 | H75: =IF(入力用!F128="✓","✓","□") -> □ | I75: 単位 | J75: /2単位
B76: アプローチ科目・自然科学分野（系）（2単位必修） | M76: 卒業までの必要単位数 | Q76: 単位
B77: =IF(入力用!C130="","〔 〕",入力用!C130) -> 〔 〕 | D77: 1 | E77: =IF(入力用!F130="✓","✓","□") -> □ | F77: =IF(入力用!C131="","〔 〕",入力用!C131) -> 〔 〕 | G77: 1 | H77: =IF(入力用!F131="✓","✓","□") -> □ | I77: 単位 | J77: /2単位
B78: アプローチ科目・学際分野（系）（2単位必修）
B79: =IF(入力用!C133="","〔 〕",入力用!C133) -> 〔 〕 | D79: 1 | E79: =IF(入力用!F133="✓","✓","□") -> □ | F79: =IF(入力用!C134="","〔 〕",入力用!C134) -> 〔 〕 | G79: 1 | H79: =IF(入力用!F134="✓","✓","□") -> □ | I79: 単位 | J79: /2単位
B80: 「アプローチ科目」の必修6単位（各分野（系）2単位）を超えて修得した単位
B81: （同一名称科目の履修制限等の詳細は2023年度入学者用「学生の手引」を参照のこと） | M81: 留学実施状況
B82: =IF(入力用!C136="","〔 〕",入力用!C136) -> 〔 〕 | D82: 1 | E82: =IF(入力用!F136="✓","✓","□") -> □ | F82: =IF(入力用!C146="","〔 〕",入力用!C146) -> 〔 〕 | G82: 1 | H82: =IF(入力用!F146="✓","✓","□") -> □ | M82: 「異文化対応２」に対する留学等の実施状況 | O82: =IF(入力用!C9="","",入力用!C9)
B83: =IF(入力用!C137="","〔 〕",入力用!C137) -> 〔 〕 | D83: 1 | E83: =IF(入力用!F137="✓","✓","□") -> □ | F83: =IF(入力用!C147="","〔 〕",入力用!C147) -> 〔 〕 | G83: 1 | H83: =IF(入力用!F147="✓","✓","□") -> □
B84: =IF(入力用!C138="","〔 〕",入力用!C138) -> 〔 〕 | D84: 1 | E84: =IF(入力用!F138="✓","✓","□") -> □ | F84: =IF(入力用!C148="","〔 〕",入力用!C148) -> 〔 〕 | G84: 1 | H84: =IF(入力用!F148="✓","✓","□") -> □ | M84: =入力用!A10 -> 留学の時期と期間（希望時期） | O84: =IF(入力用!C10="","",入力用!C10)
B85: =IF(入力用!C139="","〔 〕",入力用!C139) -> 〔 〕 | D85: 1 | E85: =IF(入力用!F139="✓","✓","□") -> □ | F85: =IF(入力用!C149="","〔 〕",入力用!C149) -> 〔 〕 | G85: 1 | H85: =IF(入力用!F149="✓","✓","□") -> □
B86: =IF(入力用!C140="","〔 〕",入力用!C140) -> 〔 〕 | D86: 1 | E86: =IF(入力用!F140="✓","✓","□") -> □ | F86: =IF(入力用!C150="","〔 〕",入力用!C150) -> 〔 〕 | G86: 1 | H86: =IF(入力用!F150="✓","✓","□") -> □ | M86: =入力用!A11 -> 「異文化対応２」の履修予定時期（留学終了後で春夏秋冬学期のいずれか） | O86: =IF(入力用!C11="","",入力用!C11)
B87: =IF(入力用!C141="","〔 〕",入力用!C141) -> 〔 〕 | D87: 1 | E87: =IF(入力用!F141="✓","✓","□") -> □ | F87: =IF(入力用!C151="","〔 〕",入力用!C151) -> 〔 〕 | G87: 1 | H87: =IF(入力用!F151="✓","✓","□") -> □
B88: =IF(入力用!C142="","〔 〕",入力用!C142) -> 〔 〕 | D88: 1 | E88: =IF(入力用!F142="✓","✓","□") -> □ | F88: =IF(入力用!C152="","〔 〕",入力用!C152) -> 〔 〕 | G88: 1 | H88: =IF(入力用!F152="✓","✓","□") -> □
B89: =IF(入力用!C143="","〔 〕",入力用!C143) -> 〔 〕 | D89: 1 | E89: =IF(入力用!F143="✓","✓","□") -> □ | F89: =IF(入力用!C153="","〔 〕",入力用!C153) -> 〔 〕 | G89: 1 | H89: =IF(入力用!F153="✓","✓","□") -> □
B90: =IF(入力用!C144="","〔 〕",入力用!C144) -> 〔 〕 | D90: 1 | E90: =IF(入力用!F144="✓","✓","□") -> □ | F90: =IF(入力用!C154="","〔 〕",入力用!C154) -> 〔 〕 | G90: 1 | H90: =IF(入力用!F154="✓","✓","□") -> □
B91: =IF(入力用!C145="","〔 〕",入力用!C145) -> 〔 〕 | D91: 1 | E91: =IF(入力用!F145="✓","✓","□") -> □ | F91: =IF(入力用!C155="","〔 〕",入力用!C155) -> 〔 〕 | G91: 1 | H91: =IF(入力用!F155="✓","✓","□") -> □ | I91: 単位 | J91: /26単位
B92: ※上記科目区分の必修単位を超えて修得した単位 | I92: その他(お)計
B93: =IF(入力用!C157="","〔 〕",入力用!C157) -> 〔 〕 | D93: 1 | E93: =IF(入力用!F157="✓","✓","□") -> □ | F93: =IF(入力用!C158="","〔 〕",入力用!C158) -> 〔 〕 | G93: 1 | H93: =IF(入力用!F158="✓","✓","□") -> □ | J93: 単位
B95: 協働科目（必修：８単位）
B96: 共創基礎プロジェクト | D96: 2 | E96: =IF(入力用!F160="✓","✓","□") -> □ | F96: 共創プロジェクト | G96: 1 | H96: =IF(入力用!F164="✓","✓","□") -> □ | I96: /8単位
B97: 共創プロジェクト | D97: 1 | E97: =IF(入力用!F161="✓","✓","□") -> □ | F97: 共創プロジェクト | G97: 1 | H97: =IF(入力用!F165="✓","✓","□") -> □
B98: 共創プロジェクト | D98: 1 | E98: =IF(入力用!F162="✓","✓","□") -> □ | F98: 共創プロジェクト | G98: 1 | H98: =IF(入力用!F166="✓","✓","□") -> □
B99: 共創プロジェクト | D99: 1 | E99: =IF(入力用!F163="✓","✓","□") -> □ | I99: 単位 | J99: /8単位
B100: ※上記科目区分の必修単位を超えて修得した単位 ※2単位まで | I100: その他(か)計
B101: （同一名称科目の履修制限等の詳細は2023年度入学者用「学生の手引」を参照のこと。）
B102: =IF(入力用!C168="","〔 〕",入力用!C168) -> 〔 〕 | D102: 1 | E102: =IF(入力用!F168="✓","✓","□") -> □ | F102: =IF(入力用!C169="","〔 〕",入力用!C169) -> 〔 〕 | G102: 1 | H102: =IF(入力用!F169="✓","✓","□") -> □ | J102: 単位
B104: 経験科目（必修：２単位）
B105: 異文化対応 1 | D105: 1 | E105: =IF(入力用!F171="✓","✓","□") -> □ | F105: 異文化対応 ２ | G105: 1 | H105: =IF(入力用!F172="✓","✓","□") -> □
I106: 単位 | J106: /2単位
B107: ※上記科目区分の必修単位を超えて修得した単位 | I107: その他(き)計
B108: =IF(入力用!C174="","〔 〕",入力用!C174) -> 〔 〕 | D108: =IF(入力用!D174="","（ ）",入力用!D174) -> 1 | E108: =IF(入力用!F174="✓","✓","□") -> □ | F108: =IF(入力用!C175="","〔 〕",入力用!C175) -> 〔 〕 | G108: =IF(入力用!D175="","（ ）",入力用!D175) -> 2 | H108: =IF(入力用!F175="✓","✓","□") -> □ | J108: 単位
B110: 共創科目（必修：１９単位）
...

Sheet 入力用
C1: に入力するとチェック表に反映されます
A3: 学生番号
A4: 氏名
A5: チェック日
A7: 第2外国語 （母語と第1外国語を除く）
A8: レクチャーシリーズのスタンプ数 （Moodleで確認すること）
A9: 「異文化対応２」に対する留学等の実施状況 （リストから選択）
A10: 留学の時期と期間（希望時期） | D10: （例：2024年夏休み（希望）、2025年4月～9月（確定）、具体的計画なし）
A11: 「異文化対応２」の履修予定時期（留学終了後で春夏秋冬学期のいずれか） | D11: （例：2025年秋学期）
A13: 卒業要件のチェック
A14: Ⅰ．基幹教育科目（48単位）
A15: 科目区分 | B15: 区分 | C15: 科目名 | D15: 単位数 | E15: 最低修得単位数 | F15: 修得したら「✓」 | G15: その他 (基幹教育) | H15: その他 (共創学部)
A16: 基幹教育セミナー | C16: 基幹教育セミナー | D16: 1 | E16: 1
A17: 課題教学科目 | C17: 課題教学科目 | D17: 2.5 | E17: 2.5
A18: 文系ディシプリン | E18: 8
B19: 1
B20: 2
B21: 3
B22: 4
B23: 5
B24: 6
A25: 理系ディシプリン | E25: 8
B26: 1 | C26: 情報科学 | D26: 2 | E26: 2
B27: 2 | C27: プログラミング演習 | D27: 1 | E27: 1
B28: 3
B29: 4
B30: 5
B31: 6
B32: 7
B33: 必修単位数を超えて修得した科目 | G33: その他（Ａ）
B34: 1
B35: 2
B36: 3
B37: 4
B38: 5
B39: 6
A40: 言語文化科目
B41: 第1外国語（英語）※4月入学生 | E41: 10
C42: Intensive English: Global Issues RW 1 | D42: 1 | E42: 1
C43: Intensive English: Global Issues LS 1 | D43: 1 | E43: 1
C44: Intensive English: Academic Issues 1 | D44: 1 | E44: 1
C45: Intensive English: Global Issues RW 2 | D45: 1 | E45: 1
C46: Intensive English: Global Issues LS 2 | D46: 1 | E46: 1
C47: Intensive English: Academic Issues 2 | D47: 1 | E47: 1
C48: Intensive English: Japanese Issues 1 | D48: 1 | E48: 1
C49: Intensive English: Academic Issues 3 | D49: 1 | E49: 1
C50: Intensive English: Japanese Issues 2 | D50: 1 | E50: 1
C51: Intensive English: Academic Issues 4 | D51: 1 | E51: 1
B52: 学術英語 | E52: 2
B53: 1
B54: 2
B55: 第1外国語（日本語）※10月入学生 | E55: 12
B56: 1
B57: 2
B58: 3
B59: 4
B60: 5
B61: 6
B62: 7
B63: 8
B64: 9
B65: 10
B66: 11
B67: 12
B68: 第2外国語 | E68: 4
B69: 1
B70: 2
B71: 3
B72: 4
B73: 必修単位数を超えて修得した科目 | G73: その他（Ｂ）
B74: 1
B75: 2
B76: 3
B77: 4
B78: （留学生のみ）必修単位数を超えて修得した日本語の単位 ※その他（B)に含めていない科目のみ | H78: その他（あ）
B79: 1
B80: 2
A81: サイバーセキュリティ科目 | C81: サイバーセキュリティ基礎論 | D81: 1 | E81: 1
A82: 健康・スポーツ科目 | C82: 健康・スポーツ科学演習 | D82: 1 | E82: 1 | G82: その他（C）
B83: 上記科目区分の必修単位を超えて修得した単位
B84: 1
B85: 2
B86: 3
B87: 4
A88: 総合科目（その他（D)または（い）のどちらかを選択） | G88: その他（D） | H88: その他（い）
B89: 1
B90: 2
B91: 3
B92: 4
B93: 5
B94: 6
A95: 高年次基幹教育科目 | E95: 2
B96: 1
B97: 2
B98: 必修単位数を超えて修得した科目（その他（E)または（う）のどちらかを選択） | G98: その他（E） | H98: その他（う）
B99: 1
B100: 2
B101: 3
B102: 4
B103: 5
...

Sheet 変更不可
A1: ドイツ語 | B1: ✓ | C1: 実施済
A2: フランス語 | C2: 未実施、具体的計画あり（半年以内に出発）
A3: 中国語 | C3: 未実施、具体的計画あり（１年以内に出発）
A4: ロシア語 | C4: 未実施、具体的計画なし
A5: 韓国語
A6: スペイン語
A7: 英語
A8: 日本語

Sheet ★ISI (2023)
B1: Checklist for ISI Graduation Requirements（First Page） | L1: Students ID: | M1: =IF('For Data entry'!C3="","",'For Data entry'!C3)
B2: (For Students Enrolled 2023) | L2: Students Name: | M2: =IF('For Data entry'!C4="","",'For Data entry'!C4)
L3: Date Checked: | M3: =IF('For Data entry'!C5="","",'For Data entry'!C5)
B4: Ⅰ．KIKAN Education Courses (48 Credits) | G4: □＝Check Box (Check when you earn)
B5: KIKAN Education Seminar (Minimum Required Credits: 1) | M5: General Courses | O5: Others(Ｄ） | Q5: Others(い）
B6: KIKAN Education Seminar | G6: 1 | H6: =IF('For Data entry'!F17="✓","✓","□") -> □ | J6: 1 Credits | M6: =IF('For Data entry'!C89="","〔 〕",'For Data entry'!C89) -> 〔 〕 | N6: =IF('For Data entry'!D89="","（ ）",'For Data entry'!D89) -> （ ） | O6: =IF('For Data entry'!G89="","□",'For Data entry'!G89) -> □ | P6: =IF(入力用!E89="","（ ）",入力用!E89) -> （ ） | Q6: =IF('For Data entry'!H89="","□",'For Data entry'!H89) -> □ | R6: =IF(入力用!G89="","（ ）",入力用!G89) -> （ ）
M7: =IF('For Data entry'!C90="","〔 〕",'For Data entry'!C90) -> 〔 〕 | N7: =IF('For Data entry'!D90="","（ ）",'For Data entry'!D90) -> （ ） | O7: =IF('For Data entry'!G90="","□",'For Data entry'!G90) -> □ | P7: =IF(入力用!E90="","（ ）",入力用!E90) -> （ ） | Q7: =IF('For Data entry'!H90="","□",'For Data entry'!H90) -> □ | R7: =IF(入力用!G90="","（ ）",入力用!G90) -> （ ）
B8: Interdisciplinary Collaborative Learning of Social Isues (Minimum Required Credits: 2.5) | M8: =IF('For Data entry'!C91="","〔 〕",'For Data entry'!C91) -> 〔 〕 | N8: =IF('For Data entry'!D91="","（ ）",'For Data entry'!D91) -> （ ） | O8: =IF('For Data entry'!G91="","□",'For Data entry'!G91) -> □ | P8: =IF(入力用!E91="","（ ）",入力用!E91) -> （ ） | Q8: =IF('For Data entry'!H91="","□",'For Data entry'!H91) -> □ | R8: =IF(入力用!G91="","（ ）",入力用!G91) -> （ ）
B9: Interdisciplinary Collaborative Learning of Social Isues | G9: 2.5 | H9: =IF('For Data entry'!F18="✓","✓","□") -> □ | J9: 2.5 Credits | M9: =IF('For Data entry'!C92="","〔 〕",'For Data entry'!C92) -> 〔 〕 | N9: =IF('For Data entry'!D92="","（ ）",'For Data entry'!D92) -> （ ） | O9: =IF('For Data entry'!G92="","□",'For Data entry'!G92) -> □ | P9: =IF(入力用!E92="","（ ）",入力用!E92) -> （ ） | Q9: =IF('For Data entry'!H92="","□",'For Data entry'!H92) -> □ | R9: =IF(入力用!G92="","（ ）",入力用!G92) -> （ ）
M10: =IF('For Data entry'!C93="","〔 〕",'For Data entry'!C93) -> 〔 〕 | N10: =IF('For Data entry'!D93="","（ ）",'For Data entry'!D93) -> （ ） | O10: =IF('For Data entry'!G93="","□",'For Data entry'!G93) -> □ | P10: =IF(入力用!E93="","（ ）",入力用!E93) -> （ ） | Q10: =IF('For Data entry'!H93="","□",'For Data entry'!H93) -> □ | R10: =IF(入力用!G93="","（ ）",入力用!G93) -> （ ）
B11: Courses in Humanities and Social Sciences and Courses in Science (each Minimum Required Credits: 8) | M11: =IF('For Data entry'!C94="","〔 〕",'For Data entry'!C94) -> 〔 〕 | N11: =IF('For Data entry'!D94="","（ ）",'For Data entry'!D94) -> （ ） | O11: =IF('For Data entry'!G94="","□",'For Data entry'!G94) -> □ | P11: =IF(入力用!E94="","（ ）",入力用!E94) -> （ ） | Q11: =IF('For Data entry'!H94="","□",'For Data entry'!H94) -> □ | R11: =IF(入力用!G94="","（ ）",入力用!G94) -> （ ）
C12: =IF('For Data entry'!C20="","〔 〕",'For Data entry'!C20) -> 〔 〕 | D12: =IF('For Data entry'!D20="","（ ）",'For Data entry'!D20) -> （ ） | E12: =IF('For Data entry'!F20="✓","✓","□") -> □ | F12: =IF('For Data entry'!C23="","〔 〕",'For Data entry'!C23) -> 〔 〕 | G12: =IF('For Data entry'!D23="","（ ）",'For Data entry'!D23) -> （ ） | H12: =IF('For Data entry'!F23="✓","✓","□") -> □ | O12: Others(Ｄ） | Q12: Others(い）
C13: =IF('For Data entry'!C21="","〔 〕",'For Data entry'!C21) -> 〔 〕 | D13: =IF('For Data entry'!D21="","（ ）",'For Data entry'!D21) -> （ ） | E13: =IF('For Data entry'!F21="✓","✓","□") -> □ | F13: =IF('For Data entry'!C24="","〔 〕",'For Data entry'!C24) -> 〔 〕 | G13: =IF('For Data entry'!D24="","（ ）",'For Data entry'!D24) -> （ ） | H13: =IF('For Data entry'!F24="✓","✓","□") -> □ | P13: Credits | R13: Credits
C14: =IF('For Data entry'!C22="","〔 〕",'For Data entry'!C22) -> 〔 〕 | D14: =IF('For Data entry'!D22="","（ ）",'For Data entry'!D22) -> （ ） | E14: =IF('For Data entry'!F22="✓","✓","□") -> □ | F14: =IF('For Data entry'!C25="","〔 〕",'For Data entry'!C25) -> 〔 〕 | G14: =IF('For Data entry'!D25="","（ ）",'For Data entry'!D25) -> （ ） | H14: =IF('For Data entry'!F25="✓","✓","□") -> □ | I14: Credits | J14: /8 Credits | M14: KIKAN Education Courses for students in the 2nd year and above
B15: Science | C15: Information Science | D15: 2 | E15: =IF('For Data entry'!F27="✓","✓","□") -> □ | F15: =IF('For Data entry'!C31="","〔 〕",'For Data entry'!C31) -> 〔 〕 | G15: =IF('For Data entry'!D31="","（ ）",'For Data entry'!D31) -> （ ） | H15: =IF('For Data entry'!F31="✓","✓","□") -> □ | M15: (Minimum Required Credits: 2)
C16: Computer Programming Excercise | D16: 1 | E16: =IF('For Data entry'!F28="✓","✓","□") -> □ | F16: =IF('For Data entry'!C32="","〔 〕",'For Data entry'!C32) -> 〔 〕 | G16: =IF('For Data entry'!D32="","（ ）",'For Data entry'!D32) -> （ ） | H16: =IF('For Data entry'!F32="✓","✓","□") -> □ | M16: =IF('For Data entry'!C96="","〔 〕",'For Data entry'!C96) -> 〔 〕 | N16: =IF('For Data entry'!D96="","（ ）",'For Data entry'!D96) -> （ ） | O16: =IF('For Data entry'!F96="","□",'For Data entry'!F96) -> □ | P16: =IF(入力用!F97="","（ ）",入力用!F97) -> （ ）
C17: =IF('For Data entry'!C29="","〔 〕",'For Data entry'!C29) -> 〔 〕 | D17: =IF('For Data entry'!D29="","（ ）",'For Data entry'!D29) -> （ ） | E17: =IF('For Data entry'!F29="✓","✓","□") -> □ | F17: =IF('For Data entry'!C33="","〔 〕",'For Data entry'!C33) -> 〔 〕 | G17: =IF('For Data entry'!D33="","（ ）",'For Data entry'!D33) -> （ ） | H17: =IF('For Data entry'!F33="✓","✓","□") -> □ | M17: =IF('For Data entry'!C97="","〔 〕",'For Data entry'!C97) -> 〔 〕 | N17: =IF('For Data entry'!D97="","（ ）",'For Data entry'!D97) -> （ ） | O17: =IF('For Data entry'!F97="","□",'For Data entry'!F97) -> □ | P17: =IF(入力用!F98="","（ ）",入力用!F98) -> （ ） | Q17: Credits | R17: /2 Credits
C18: =IF('For Data entry'!C30="","〔 〕",'For Data entry'!C30) -> 〔 〕 | D18: =IF('For Data entry'!D30="","（ ）",'For Data entry'!D30) -> （ ） | E18: =IF('For Data entry'!F30="✓","✓","□") -> □ | I18: Credits | J18: /8 Credits | M18: ※Earned credits in excess of minimum required credits | O18: Others(E） | Q18: Others(う）
B19: ※Earned credits in excess of minimum required credits in above category | I19: Others（Ａ） | M19: =IF('For Data entry'!C99="","〔 〕",'For Data entry'!C99) -> 〔 〕 | N19: =IF('For Data entry'!D99="","（ ）",'For Data entry'!D99) -> （ ） | O19: =IF('For Data entry'!G99="","□",'For Data entry'!G99) -> □ | P19: =IF(入力用!E102="","（ ）",入力用!E102) -> （ ） | Q19: =IF('For Data entry'!H99="","□",'For Data entry'!H99) -> □ | R19: =IF(入力用!G102="","（ ）",入力用!G102) -> （ ）
B20: =IF('For Data entry'!C35="","〔 〕",'For Data entry'!C35) -> 〔 〕 | D20: =IF('For Data entry'!D35="","（ ）",'For Data entry'!D35) -> （ ） | E20: =IF('For Data entry'!F35="✓","✓","□") -> □ | F20: =IF('For Data entry'!C38="","〔 〕",'For Data entry'!C38) -> 〔 〕 | G20: =IF('For Data entry'!D38="","（ ）",'For Data entry'!D38) -> （ ） | H20: =IF('For Data entry'!F38="✓","✓","□") -> □ | M20: =IF('For Data entry'!C100="","〔 〕",'For Data entry'!C100) -> 〔 〕 | N20: =IF('For Data entry'!D100="","（ ）",'For Data entry'!D100) -> （ ） | O20: =IF('For Data entry'!G100="","□",'For Data entry'!G100) -> □ | P20: =IF(入力用!E103="","（ ）",入力用!E103) -> （ ） | Q20: =IF('For Data entry'!H100="","□",'For Data entry'!H100) -> □ | R20: =IF(入力用!G103="","（ ）",入力用!G103) -> （ ）
B21: =IF('For Data entry'!C36="","〔 〕",'For Data entry'!C36) -> 〔 〕 | D21: =IF('For Data entry'!D36="","（ ）",'For Data entry'!D36) -> （ ） | E21: =IF('For Data entry'!F36="✓","✓","□") -> □ | F21: =IF('For Data entry'!C39="","〔 〕",'For Data entry'!C39) -> 〔 〕 | G21: =IF('For Data entry'!D39="","（ ）",'For Data entry'!D39) -> （ ） | H21: =IF('For Data entry'!F39="✓","✓","□") -> □ | J21: Credits | M21: =IF('For Data entry'!C101="","〔 〕",'For Data entry'!C101) -> 〔 〕 | N21: =IF('For Data entry'!D101="","（ ）",'For Data entry'!D101) -> （ ） | O21: =IF('For Data entry'!G101="","□",'For Data entry'!G101) -> □ | P21: =IF(入力用!E105="","（ ）",入力用!E105) -> （ ） | Q21: =IF('For Data entry'!H101="","□",'For Data entry'!H101) -> □ | R21: =IF(入力用!G105="","（ ）",入力用!G105) -> （ ）
B22: =IF('For Data entry'!C37="","〔 〕",'For Data entry'!C37) -> 〔 〕 | D22: =IF('For Data entry'!D37="","（ ）",'For Data entry'!D37) -> （ ） | E22: =IF('For Data entry'!F37="✓","✓","□") -> □ | F22: =IF('For Data entry'!C40="","〔 〕",'For Data entry'!C40) -> 〔 〕 | G22: =IF('For Data entry'!D40="","（ ）",'For Data entry'!D40) -> （ ） | H22: =IF('For Data entry'!F40="✓","✓","□") -> □ | M22: =IF('For Data entry'!C102="","〔 〕",'For Data entry'!C102) -> 〔 〕 | N22: =IF('For Data entry'!D102="","（ ）",'For Data entry'!D102) -> （ ） | O22: =IF('For Data entry'!G102="","□",'For Data entry'!G102) -> □ | P22: =IF(入力用!E106="","（ ）",入力用!E106) -> （ ） | Q22: =IF('For Data entry'!H102="","□",'For Data entry'!H102) -> □ | R22: =IF(入力用!G106="","（ ）",入力用!G106) -> その他（F）
M23: =IF('For Data entry'!C103="","〔 〕",'For Data entry'!C103) -> 〔 〕 | N23: =IF('For Data entry'!D103="","（ ）",'For Data entry'!D103) -> （ ） | O23: =IF('For Data entry'!G103="","□",'For Data entry'!G103) -> □ | P23: =IF(入力用!E107="","（ ）",入力用!E107) -> （ ） | Q23: =IF('For Data entry'!H103="","□",'For Data entry'!H103) -> □ | R23: =IF(入力用!G107="","（ ）",入力用!G107) -> （ ）
B24: Courses for Language and Cultures (Minimum Required Credits: First Language 12, Second Language 4) | M24: =IF('For Data entry'!C104="","〔 〕",'For Data entry'!C104) -> 〔 〕 | N24: =IF('For Data entry'!D104="","（ ）",'For Data entry'!D104) -> （ ） | O24: =IF('For Data entry'!G104="","□",'For Data entry'!G104) -> □ | P24: =IF(入力用!E108="","（ ）",入力用!E108) -> （ ） | Q24: =IF('For Data entry'!H104="","□",'For Data entry'!H104) -> □ | R24: =IF(入力用!G108="","（ ）",入力用!G108) -> （ ）
B25: First Foreign Language (English) ※Students enrolled in April only | O25: Others(E） | Q25: Others(う）
B26: Intensive English: Global Issues RW 1 | D26: 1 | E26: =IF('For Data entry'!F43="✓","✓","□") -> □ | F26: Intensive English: Academic Issues 2 | G26: 1 | H26: =IF('For Data entry'!F48="✓","✓","□") -> □ | P26: Credits | R26: Credits
B27: Intensive English: Global Issues LS 1 | D27: 1 | E27: =IF('For Data entry'!F44="✓","✓","□") -> □ | F27: Intensive English: Japanese Issues 1 | G27: 1 | H27: =IF('For Data entry'!F49="✓","✓","□") -> □
B28: Intensive English: Academic Issues 1 | D28: 1 | E28: =IF('For Data entry'!F45="✓","✓","□") -> □ | F28: Intensive English: Academic Issues 3 | G28: 1 | H28: =IF('For Data entry'!F50="✓","✓","□") -> □
B29: Intensive English: Global Issues RW 2 | D29: 1 | E29: =IF('For Data entry'!F46="✓","✓","□") -> □ | F29: Intensive English: Japanese Issues 2 | G29: 1 | H29: =IF('For Data entry'!F51="✓","✓","□") -> □ | M29: Specialized Courses of other departments ※Up to 10 Credits
B30: Intensive English: Global Issues LS 2 | D30: 1 | E30: =IF('For Data entry'!F47="✓","✓","□") -> □ | F30: Intensive English: Academic Issues 4 | G30: 1 | H30: =IF('For Data entry'!F52="✓","✓","□") -> □ | I30: Credits | J30: /10 Credits | O30: Others(F） | Q30: Others(え）
B31: Academic English (Minimum Required Credits: 2) | M31: =IF('For Data entry'!C107="","〔 〕",'For Data entry'!C107) -> 〔 〕 | N31: =IF('For Data entry'!D107="","（ ）",'For Data entry'!D107) -> （ ） | O31: =IF('For Data entry'!G107="","□",'For Data entry'!G107) -> □ | P31: =IF(入力用!E115="","（ ）",入力用!E115) -> 最低修得単位数 | Q31: =IF('For Data entry'!H107="","□",'For Data entry'!H107) -> □ | R31: =IF(入力用!G115="","（ ）",入力用!G115) -> その他 (基幹教育)
B32: =IF('For Data entry'!C54="","〔 〕",'For Data entry'!C54) -> 〔 〕 | D32: =IF('For Data entry'!D54="","（ ）",'For Data entry'!D54) -> （ ） | E32: =IF('For Data entry'!F54="✓","✓","□") -> □ | F32: =IF('For Data entry'!C55="","〔 〕",'For Data entry'!C55) -> 〔 〕 | G32: =IF('For Data entry'!D55="","（ ）",'For Data entry'!D55) -> （ ） | H32: =IF('For Data entry'!F55="✓","✓","□") -> □ | I32: Credits | J32: /2 Credits | M32: =IF('For Data entry'!C108="","〔 〕",'For Data entry'!C108) -> 〔 〕 | N32: =IF('For Data entry'!D108="","（ ）",'For Data entry'!D108) -> （ ） | O32: =IF('For Data entry'!G108="","□",'For Data entry'!G108) -> □ | P32: =IF(入力用!E116="","（ ）",入力用!E116) -> 7 | Q32: =IF('For Data entry'!H108="","□",'For Data entry'!H108) -> □ | R32: =IF(入力用!G116="","（ ）",入力用!G116) -> （ ）
B33: First Foreign Language (Japanese) ※Students enrolled in October only | M33: =IF('For Data entry'!C109="","〔 〕",'For Data entry'!C109) -> 〔 〕 | N33: =IF('For Data entry'!D109="","（ ）",'For Data entry'!D109) -> （ ） | O33: =IF('For Data entry'!G109="","□",'For Data entry'!G109) -> □ | P33: =IF(入力用!E117="","（ ）",入力用!E117) -> （ ） | Q33: =IF('For Data entry'!H109="","□",'For Data entry'!H109) -> □ | R33: =IF(入力用!G117="","（ ）",入力用!G117) -> （ ）
B34: =IF('For Data entry'!C57="","〔 〕",'For Data entry'!C57) -> 〔 〕 | D34: 1 | E34: =IF('For Data entry'!F57="✓","✓","□") -> □ | F34: =IF('For Data entry'!C63="","〔 〕",'For Data entry'!C63) -> 〔 〕 | G34: 1 | H34: =IF('For Data entry'!F63="✓","✓","□") -> □ | M34: =IF('For Data entry'!C110="","〔 〕",'For Data entry'!C110) -> 〔 〕 | N34: =IF('For Data entry'!D110="","（ ）",'For Data entry'!D110) -> （ ） | O34: =IF('For Data entry'!G110="","□",'For Data entry'!G110) -> □ | P34: =IF(入力用!E118="","（ ）",入力用!E118) -> （ ） | Q34: =IF('For Data entry'!H110="","□",'For Data entry'!H110) -> □ | R34: =IF(入力用!G118="","（ ）",入力用!G118) -> （ ）
B35: =IF('For Data entry'!C58="","〔 〕",'For Data entry'!C58) -> 〔 〕 | D35: 1 | E35: =IF('For Data entry'!F58="✓","✓","□") -> □ | F35: =IF('For Data entry'!C64="","〔 〕",'For Data entry'!C64) -> 〔 〕 | G35: 1 | H35: =IF('For Data entry'!F64="✓","✓","□") -> □ | M35: =IF('For Data entry'!C111="","〔 〕",'For Data entry'!C111) -> 〔 〕 | N35: =IF('For Data entry'!D111="","（ ）",'For Data entry'!D111) -> （ ） | O35: =IF('For Data entry'!G111="","□",'For Data entry'!G111) -> □ | P35: =IF(入力用!E119="","（ ）",入力用!E119) -> （ ） | Q35: =IF('For Data entry'!H111="","□",'For Data entry'!H111) -> □ | R35: =IF(入力用!G119="","（ ）",入力用!G119) -> （ ）
B36: =IF('For Data entry'!C59="","〔 〕",'For Data entry'!C59) -> 〔 〕 | D36: 1 | E36: =IF('For Data entry'!F59="✓","✓","□") -> □ | F36: =IF('For Data entry'!C65="","〔 〕",'For Data entry'!C65) -> 〔 〕 | G36: 1 | H36: =IF('For Data entry'!F65="✓","✓","□") -> □ | M36: =IF('For Data entry'!C112="","〔 〕",'For Data entry'!C112) -> 〔 〕 | N36: =IF('For Data entry'!D112="","（ ）",'For Data entry'!D112) -> （ ） | O36: =IF('For Data entry'!G112="","□",'For Data entry'!G112) -> □ | P36: =IF(入力用!E120="","（ ）",入力用!E120) -> （ ） | Q36: =IF('For Data entry'!H112="","□",'For Data entry'!H112) -> □ | R36: =IF(入力用!G120="","（ ）",入力用!G120) -> （ ）
B37: =IF('For Data entry'!C60="","〔 〕",'For Data entry'!C60) -> 〔 〕 | D37: 1 | E37: =IF('For Data entry'!F60="✓","✓","□") -> □ | F37: =IF('For Data entry'!C66="","〔 〕",'For Data entry'!C66) -> 〔 〕 | G37: 1 | H37: =IF('For Data entry'!F66="✓","✓","□") -> □ | O37: Others(F） | Q37: Others(え）
B38: =IF('For Data entry'!C61="","〔 〕",'For Data entry'!C61) -> 〔 〕 | D38: 1 | E38: =IF('For Data entry'!F61="✓","✓","□") -> □ | F38: =IF('For Data entry'!C67="","〔 〕",'For Data entry'!C67) -> 〔 〕 | G38: 1 | H38: =IF('For Data entry'!F67="✓","✓","□") -> □ | P38: Credits | R38: Credits
B39: =IF('For Data entry'!C62="","〔 〕",'For Data entry'!C62) -> 〔 〕 | D39: 1 | E39: =IF('For Data entry'!F62="✓","✓","□") -> □ | F39: =IF('For Data entry'!C68="","〔 〕",'For Data entry'!C68) -> 〔 〕 | G39: 1 | H39: =IF('For Data entry'!F68="✓","✓","□") -> □ | I39: Credits | J39: /12 Credits
B40: Second Foreign Language (Minimum Required Credits: 4) Selected Second Language : | I40: =IF('For Data entry'!C7="","（ ）",'For Data entry'!C7) -> （ ） | J40: =IF(入力用!G7="","（ 語）",入力用!G7) -> （ 語）
B41: =IF('For Data entry'!C70="","〔 〕",'For Data entry'!C70) -> 〔 〕 | D41: =IF('For Data entry'!D70="","（ ）",'For Data entry'!D70) -> （ ） | E41: =IF('For Data entry'!F70="✓","✓","□") -> □ | F41: =IF('For Data entry'!C72="","〔 〕",'For Data entry'!C72) -> 〔 〕 | G41: =IF('For Data entry'!D72="","（ ）",'For Data entry'!D72) -> （ ） | H41: =IF('For Data entry'!F72="✓","✓","□") -> □
B42: =IF('For Data entry'!C71="","〔 〕",'For Data entry'!C71) -> 〔 〕 | D42: =IF('For Data entry'!D71="","（ ）",'For Data entry'!D71) -> （ ） | E42: =IF('For Data entry'!F71="✓","✓","□") -> □ | F42: =IF('For Data entry'!C73="","〔 〕",'For Data entry'!C73) -> 〔 〕 | G42: =IF('For Data entry'!D73="","（ ）",'For Data entry'!D73) -> （ ） | H42: =IF('For Data entry'!F73="✓","✓","□") -> □ | I42: Credits | J42: /4 Credits
B43: ※Earned credits in excess of minimum required credits in above category | I43: Others（B）
B44: =IF('For Data entry'!C75="","〔 〕",'For Data entry'!C75) -> 〔 〕 | D44: =IF('For Data entry'!D75="","（ ）",'For Data entry'!D75) -> （ ） | E44: =IF('For Data entry'!F75="✓","✓","□") -> □ | F44: =IF('For Data entry'!C77="","〔 〕",'For Data entry'!C77) -> 〔 〕 | G44: =IF('For Data entry'!D77="","（ ）",'For Data entry'!D77) -> （ ） | H44: =IF('For Data entry'!F77="✓","✓","□") -> □
B45: =IF('For Data entry'!C76="","〔 〕",'For Data entry'!C76) -> 〔 〕 | D45: =IF('For Data entry'!D76="","（ ）",'For Data entry'!D76) -> （ ） | E45: =IF('For Data entry'!F76="✓","✓","□") -> □ | F45: =IF('For Data entry'!C78="","〔 〕",'For Data entry'!C78) -> 〔 〕 | G45: =IF('For Data entry'!D78="","（ ）",'For Data entry'!D78) -> （ ） | H45: =IF('For Data entry'!F78="✓","✓","□") -> □ | J45: Credits
B46: ※International Students only Credits of "Japanese" in excess of minimum credits, not included "Others(B)" | I46: Others（あ）
B47: =IF('For Data entry'!C80="","〔 〕",'For Data entry'!C80) -> 〔 〕 | D47: =IF('For Data entry'!D80="","（ ）",'For Data entry'!D80) -> （ ） | E47: =IF('For Data entry'!F80="✓","✓","□") -> □ | F47: =IF('For Data entry'!C81="","〔 〕",'For Data entry'!C81) -> 〔 〕 | G47: =IF('For Data entry'!D81="","（ ）",'For Data entry'!D81) -> （ ） | H47: =IF('For Data entry'!F81="✓","✓","□") -> □ | J47: Credits
B49: Courses in Cybersecurity (Minimum Required Credits: 1)
B50: Primary Course of Cyber Security -How to Survive the Cyber | G50: 1 | H50: =IF('For Data entry'!F82="✓","✓","□") -> □ | J50: /1 Credits
B52: Health and Sports Courses (Minimum Required Credits: 1)
B53: Laboratory of Health and Sport Science | G53: 1 | H53: =IF('For Data entry'!F83="✓","✓","□") -> □ | J53: /1 Credits | P53: (Go on to the next page)
B54: ※Earned credits in excess of minimum required credits in above category | I54: Others（C）
B55: =IF('For Data entry'!C84="","〔 〕",'For Data entry'!C84) -> 〔 〕 | D55: =IF('For Data entry'!D84="","（ ）",'For Data entry'!D84) -> （ ） | E55: =IF('For Data entry'!F84="✓","✓","□") -> □ | F55: =IF('For Data entry'!C86="","〔 〕",'For Data entry'!C86) -> 〔 〕 | G55: =IF('For Data entry'!D86="","（ ）",'For Data entry'!D86) -> （ ） | H55: =IF('For Data entry'!F86="✓","✓","□") -> □
B56: =IF('For Data entry'!C85="","〔 〕",'For Data entry'!C85) -> 〔 〕 | D56: =IF('For Data entry'!D85="","（ ）",'For Data entry'!D85) -> （ ） | E56: =IF('For Data entry'!F85="✓","✓","□") -> □ | F56: =IF('For Data entry'!C87="","〔 〕",'For Data entry'!C87) -> 〔 〕 | G56: =IF('For Data entry'!D87="","（ ）",'For Data entry'!D87) -> （ ） | H56: =IF('For Data entry'!F87="✓","✓","□") -> □ | J56: Credits
B60: Checklist for ISI Graduation Requirements（Second Page）
B61: (For Students Enrolled 2023)
B63: Ⅱ．Specialized Courses (76 Credits)
B64: ISI Fundamental Courses (Minimum Required Credits: 7) | M64: Others for KIKAN Education Courses (Minimum Required Credits : 8.5)
B65: Basic Academic Research | D65: 1 | E65: =IF('For Data entry'!F117="✓","✓","□") -> □ | F65: Data Collection and Analysis | G65: 1 | H65: =IF('For Data entry'!F121="✓","✓","□") -> □ | M65: （Ａ）＋（Ｂ）＋（Ｃ）＋ （Ｄ）＋（Ｅ）＋（Ｆ）＝ | Q65: Credits | R65: /8.5 Credits
B66: Issue and Innovation | D66: 1 | E66: =IF('For Data entry'!F118="✓","✓","□") -> □ | F66: World Philosophies | G66: 1 | H66: =IF('For Data entry'!F122="✓","✓","□") -> □
B67: Math for ISI | D67: 1 | E67: =IF('For Data entry'!F119="✓","✓","□") -> □ | F67: Historical Perspective of the World | G67: 1 | H67: =IF('For Data entry'!F123="✓","✓","□") -> □
B68: Basic System Science | D68: 1 | E68: =IF('For Data entry'!F120="✓","✓","□") -> □ | I68: Credits | J68: /7 Credits | M68: Others for Specialized Courses (Minimum Required Credits: 12)
M69: （あ）＋（い）＋（う）＋（え） ＋（お）＋（か）+（き）＋（く）＝ | Q69: Credits | R69: /12 Credits
B70: Framing and Analytical Courses (Minimum Required Credits: 28)
B71: Lecture Series ※Required to submit the final report after earning 15 stamps | H71: =IF('For Data entry'!F125="✓","✓","□") -> □
C72: *Number of stamps earned to date (Refer to the Moodle) | G72: =IF('For Data entry'!C9="","",'For Data entry'!C9) | H72: /15 | I72: Credits | J72: /2 Credits
B73: Approach Subjects/ Humanities and Social Sciences Approaches (Minimum 2 Credits) | M73: Total Number of Credits earned | Q73: Credits
B74: =IF('For Data entry'!C127="","〔 〕",'For Data entry'!C127) -> 〔 〕 | D74: 1 | E74: =IF('For Data entry'!F127="✓","✓","□") -> □ | F74: =IF('For Data entry'!C128="","〔 〕",'For Data entry'!C128) -> 〔 〕 | G74: 1 | H74: =IF('For Data entry'!F128="✓","✓","□") -> □ | I74: Credits | J74: /2 Credits
B75: Approach Subjects/ Natural Sciences Approaches (Minimum 2 Credits) | M75: Rest of the Number of Credits required for Graduation | Q75: Credits
B76: =IF('For Data entry'!C130="","〔 〕",'For Data entry'!C130) -> 〔 〕 | D76: 1 | E76: =IF('For Data entry'!F130="✓","✓","□") -> □ | F76: =IF('For Data entry'!C131="","〔 〕",'For Data entry'!C131) -> 〔 〕 | G76: 1 | H76: =IF('For Data entry'!F131="✓","✓","□") -> □ | I76: Credits | J76: /2 Credits
B77: Approach Subjects/ Interdisciplinary Approaches (Minimum 2 Credits)
B78: =IF('For Data entry'!C133="","〔 〕",'For Data entry'!C133) -> 〔 〕 | D78: 1 | E78: =IF('For Data entry'!F133="✓","✓","□") -> □ | F78: =IF('For Data entry'!C134="","〔 〕",'For Data entry'!C134) -> 〔 〕 | G78: 1 | H78: =IF('For Data entry'!F134="✓","✓","□") -> □ | I78: Credits | J78: /2 Credits
B79: ※Earned "Approach Subjects" credits in excess of minimum required credits for each categories
B80: (Refer to the Student Handbook 2023 for taking courses. e.g. rules of taking courses with the same title) | M80: About the International Experience (Exchange study or Internship)
B81: =IF('For Data entry'!C136="","〔 〕",'For Data entry'!C136) -> 〔 〕 | D81: 1 | E81: =IF('For Data entry'!F136="✓","✓","□") -> □ | F81: =IF('For Data entry'!C146="","〔 〕",'For Data entry'!C146) -> 〔 〕 | G81: 1 | H81: =IF('For Data entry'!F146="✓","✓","□") -> □ | M81: ='For Data entry'!A10 -> Progress of International Experience (Study abroad/ Internship) for "Cross-Cultural Adjustment 2" | O81: =IF('For Data entry'!C10="","",'For Data entry'!C10)
B82: =IF('For Data entry'!C137="","〔 〕",'For Data entry'!C137) -> 〔 〕 | D82: 1 | E82: =IF('For Data entry'!F137="✓","✓","□") -> □ | F82: =IF('For Data entry'!C147="","〔 〕",'For Data entry'!C147) -> 〔 〕 | G82: 1 | H82: =IF('For Data entry'!F147="✓","✓","□") -> □
B83: =IF('For Data entry'!C138="","〔 〕",'For Data entry'!C138) -> 〔 〕 | D83: 1 | E83: =IF('For Data entry'!F138="✓","✓","□") -> □ | F83: =IF('For Data entry'!C148="","〔 〕",'For Data entry'!C148) -> 〔 〕 | G83: 1 | H83: =IF('For Data entry'!F148="✓","✓","□") -> □
B84: =IF('For Data entry'!C139="","〔 〕",'For Data entry'!C139) -> 〔 〕 | D84: 1 | E84: =IF('For Data entry'!F139="✓","✓","□") -> □ | F84: =IF('For Data entry'!C149="","〔 〕",'For Data entry'!C149) -> 〔 〕 | G84: 1 | H84: =IF('For Data entry'!F149="✓","✓","□") -> □
B85: =IF('For Data entry'!C140="","〔 〕",'For Data entry'!C140) -> 〔 〕 | D85: 1 | E85: =IF('For Data entry'!F140="✓","✓","□") -> □ | F85: =IF('For Data entry'!C150="","〔 〕",'For Data entry'!C150) -> 〔 〕 | G85: 1 | H85: =IF('For Data entry'!F150="✓","✓","□") -> □ | M85: ='For Data entry'!A11 -> Timing and duration schedule for international experience | O85: =IF('For Data entry'!C11="","",'For Data entry'!C11)
B86: =IF('For Data entry'!C141="","〔 〕",'For Data entry'!C141) -> 〔 〕 | D86: 1 | E86: =IF('For Data entry'!F141="✓","✓","□") -> □ | F86: =IF('For Data entry'!C151="","〔 〕",'For Data entry'!C151) -> 〔 〕 | G86: 1 | H86: =IF('For Data entry'!F151="✓","✓","□") -> □
B87: =IF('For Data entry'!C142="","〔 〕",'For Data entry'!C142) -> 〔 〕 | D87: 1 | E87: =IF('For Data entry'!F142="✓","✓","□") -> □ | F87: =IF('For Data entry'!C152="","〔 〕",'For Data entry'!C152) -> 〔 〕 | G87: 1 | H87: =IF('For Data entry'!F152="✓","✓","□") -> □
B88: =IF('For Data entry'!C143="","〔 〕",'For Data entry'!C143) -> 〔 〕 | D88: 1 | E88: =IF('For Data entry'!F143="✓","✓","□") -> □ | F88: =IF('For Data entry'!C153="","〔 〕",'For Data entry'!C153) -> 〔 〕 | G88: 1 | H88: =IF('For Data entry'!F153="✓","✓","□") -> □ | M88: ='For Data entry'!A12 -> When to take "Cross-Cultural Adjustment 2" after International Experience(e.g. Spring quarter in 2025) | O88: =IF('For Data entry'!C12="","",'For Data entry'!C12)
B89: =IF('For Data entry'!C144="","〔 〕",'For Data entry'!C144) -> 〔 〕 | D89: 1 | E89: =IF('For Data entry'!F144="✓","✓","□") -> □ | F89: =IF('For Data entry'!C154="","〔 〕",'For Data entry'!C154) -> 〔 〕 | G89: 1 | H89: =IF('For Data entry'!F154="✓","✓","□") -> □
B90: =IF('For Data entry'!C145="","〔 〕",'For Data entry'!C145) -> 〔 〕 | D90: 1 | E90: =IF('For Data entry'!F145="✓","✓","□") -> □ | F90: =IF('For Data entry'!C155="","〔 〕",'For Data entry'!C155) -> 〔 〕 | G90: 1 | H90: =IF('For Data entry'!F155="✓","✓","□") -> □ | I90: Credits | J90: /26 Credits
B91: ※Earned credits in excess of minimum required credits of "Framing and Analytical Courses" | I91: Others(お)
B92: =IF('For Data entry'!C157="","〔 〕",'For Data entry'!C157) -> 〔 〕 | D92: 1 | E92: =IF('For Data entry'!H157="✓","✓","□") -> □ | F92: =IF('For Data entry'!C158="","〔 〕",'For Data entry'!C158) -> 〔 〕 | G92: 1 | H92: =IF('For Data entry'!H158="✓","✓","□") -> □ | J92: Credits
B94: Collaborative Courses (Minimum Required Credits: 8)
B95: Basic Project for ISI | D95: 2 | E95: =IF('For Data entry'!F160="✓","✓","□") -> □ | F95: Project for ISI | G95: 1 | H95: =IF('For Data entry'!F164="✓","✓","□") -> □ | I95: /8Credits
B96: Project for ISI | D96: 1 | E96: =IF('For Data entry'!F161="✓","✓","□") -> □ | F96: Project for ISI | G96: 1 | H96: =IF('For Data entry'!F165="✓","✓","□") -> □
B97: Project for ISI | D97: 1 | E97: =IF('For Data entry'!F162="✓","✓","□") -> □ | F97: Project for ISI | G97: 1 | H97: =IF('For Data entry'!F166="✓","✓","□") -> □
B98: Project for ISI | D98: 1 | E98: =IF('For Data entry'!F163="✓","✓","□") -> □ | I98: Credits | J98: /8 Credits
B99: ※Earned credits in excess of minimum required credits in above category *Up to 2 credits | I99: Others(か)
B100: (Refer to the Student Handbook 2023 for taking courses. e.g. rules of taking courses with the same title)
B101: =IF('For Data entry'!C168="","〔 〕",'For Data entry'!C168) -> 〔 〕 | D101: 1 | E101: =IF('For Data entry'!F168="✓","✓","□") -> □ | F101: =IF('For Data entry'!C169="","〔 〕",'For Data entry'!C169) -> 〔 〕 | G101: 1 | H101: =IF('For Data entry'!F169="✓","✓","□") -> □ | J101: Credits
B103: International Learning Courses (Minimum Required Credits: 2)
B104: Cross-Cultural Adjustment 1 | D104: 1 | E104: =IF('For Data entry'!F171="✓","✓","□") -> □ | F104: Cross-Cultural Adjustment ２ | G104: 1 | H104: =IF('For Data entry'!F172="✓","✓","□") -> □
I105: Credits | J105: /2 Credits
B106: ※Earned credits in excess of minimum required credits in above category | I106: Others(き)
B107: =IF('For Data entry'!C174="","〔 〕",'For Data entry'!C174) -> 〔 〕 | D107: =IF('For Data entry'!D174="","（ ）",'For Data entry'!D174) -> （ ） | E107: =IF('For Data entry'!F174="✓","✓","□") -> □ | F107: =IF('For Data entry'!C175="","〔 〕",'For Data entry'!C175) -> 〔 〕 | G107: =IF('For Data entry'!D175="","（ ）",'For Data entry'!D175) -> （ ） | H107: =IF('For Data entry'!F175="✓","✓","□") -> □ | J107: Credits
B109: Interdisciplinary Innovative Courses (Minimum Required Credits: 19)
...

Sheet For Data entry
C1: Input data will emaerge the Check List
A3: Student ID
A4: Name
A5: Checking Date
A7: Second Foreign Language (You cannot select the first foreign language nor your main native language) | D7: (Choose from the list)
A8: Your main native language
A9: Number of stamps earned to date of Lecture Series (Refer to Moodle)
A10: Progress of International Experience (Study abroad/ Internship) for "Cross-Cultural Adjustment 2" | D10: (Choose from the list)
A11: Timing and duration schedule for international experience | D11: (e.g. 2024 Summer(estimated), Jun. to Feb. in 2025(confirmed), no particular plan)
A12: When to take "Cross-Cultural Adjustment 2" after International Experience(e.g. Spring quarter in 2025) | D12: (e.g. Spring Quarter in 2025)
A14: Check for the required credits for graduation
A15: Ⅰ．KIKAN Education Courses (48 Credits)
A16: Category | C16: Courses | D16: No. of credits | E16: Minimum acquired credits | F16: Choose「✓」after you acquired credit | G16: Others for KIKAN education | H16: Others for ISI Courses
A17: KIKAN Education Seminars | C17: KIKAN Education Seminars | D17: 1 | E17: 1
A18: Interdisciplinary Collaborative Learning of Social Issues | C18: Interdisciplinary Collaborative Learning of Social Issues | D18: 2.5 | E18: 2.5
A19: Courses in Humanities and Social Sciences | E19: 8
B20: 1
B21: 2
B22: 3
B23: 4
B24: 5
B25: 6
A26: Courses in Science | E26: 8
B27: 1 | C27: Information Science | D27: 2 | E27: 2
B28: 2 | C28: Computer Programming Exercise | D28: 1 | E28: 1
B29: 3
B30: 4
B31: 5
B32: 6
B33: 7
B34: Earned credits in excess of minimum required credits in above category | G34: Others（Ａ）
B35: 1
B36: 2
B37: 3
B38: 4
B39: 5
B40: 6
A41: Courses for languages and Cultures
B42: First Foreign Language (English) *April Enrolled Students only | E42: 10
C43: Intensive English: Global Issues RW 1 | D43: 1 | E43: 1
C44: Intensive English: Global Issues LS 1 | D44: 1 | E44: 1
C45: Intensive English: Academic Issues 1 | D45: 1 | E45: 1
C46: Intensive English: Global Issues RW 2 | D46: 1 | E46: 1
C47: Intensive English: Global Issues LS 2 | D47: 1 | E47: 1
C48: Intensive English: Academic Issues 2 | D48: 1 | E48: 1
C49: Intensive English: Japanese Issues 1 | D49: 1 | E49: 1
C50: Intensive English: Academic Issues 3 | D50: 1 | E50: 1
C51: Intensive English: Japanese Issues 2 | D51: 1 | E51: 1
C52: Intensive English: Academic Issues 4 | D52: 1 | E52: 1
B53: Academic English | E53: 2
B54: 1
B55: 2
B56: First Foreign Language (Japanese) *October enrolled Students only | E56: 12
B57: 1 | D57: 1
B58: 2 | D58: 1
B59: 3 | D59: 1
B60: 4 | D60: 1
B61: 5 | D61: 1
B62: 6 | D62: 1
B63: 7 | D63: 1
B64: 8 | D64: 1
B65: 9 | D65: 1
B66: 10 | D66: 1
B67: 11 | D67: 1
B68: 12 | D68: 1
B69: Second Foreign Language | E69: 4
B70: 1
B71: 2
B72: 3
B73: 4
B74: Earned credits in excess of minimum required credits in above category | G74: Others（Ｂ）
B75: 1
B76: 2
B77: 3
B78: 4
B79: Earned credits in excess of minimum required credits in above category of "Japanese" *International Students Only and the courses not included in Others（B) | H79: Others（あ）
B80: 1
B81: 2
A82: Courses in Cybersecurity | C82: Primary Course of Cyber Security | D82: 1 | E82: 1
A83: Health and Sports | C83: Laboratory of Health and Sport Science | D83: 1 | E83: 1 | G83: Others（C）
B84: 1
B85: 2
B86: 3
B87: 4
A88: General Courses（Choose Others（D) or（い）) | G88: Others（D） | H88: Others（い）
B89: 1
B90: 2
B91: 3
B92: 4
B93: 5
B94: 6
A95: KIKAN Education Courses for Students in the Second Year and above | E95: 2
B96: 1
B97: 2
B98: Earned credits in excess of minimum required credits in above category（Choose Others（E) or （う）) | G98: Others（E） | H98: Others（う）
B99: 1 | E99: 1
B100: 2
B101: 3
B102: 4
B103: 5
...

Sheet Do not Change
A1: German | B1: ✓ | C1: already finished International Experience for "Cross-Cultural Adjustment".
A2: French | C2: not finished yet, but specifically plan for next six months
A3: Chinese | C3: not finished yet, but specifically plan for next year
A4: Russian | C4: not finished yet and no plans
A5: Korean
A6: Spanish
A7: English
A8: Japanese
